PRAGMA foreign_keys=OFF;
BEGIN TRANSACTION;
CREATE TABLE IF NOT EXISTS "django_migrations" ("id" integer NOT NULL PRIMARY KEY AUTOINCREMENT, "app" varchar(255) NOT NULL, "name" varchar(255) NOT NULL, "applied" datetime NOT NULL);
INSERT INTO django_migrations VALUES(1,'contenttypes','0001_initial','2024-10-30 08:03:37.425538');
INSERT INTO django_migrations VALUES(2,'auth','0001_initial','2024-10-30 08:03:37.438426');
INSERT INTO django_migrations VALUES(3,'admin','0001_initial','2024-10-30 08:03:37.450895');
INSERT INTO django_migrations VALUES(4,'admin','0002_logentry_remove_auto_add','2024-10-30 08:03:37.459358');
INSERT INTO django_migrations VALUES(5,'admin','0003_logentry_add_action_flag_choices','2024-10-30 08:03:37.464908');
INSERT INTO django_migrations VALUES(6,'contenttypes','0002_remove_content_type_name','2024-10-30 08:03:37.479931');
INSERT INTO django_migrations VALUES(7,'auth','0002_alter_permission_name_max_length','2024-10-30 08:03:37.489968');
INSERT INTO django_migrations VALUES(8,'auth','0003_alter_user_email_max_length','2024-10-30 08:03:37.497770');
INSERT INTO django_migrations VALUES(9,'auth','0004_alter_user_username_opts','2024-10-30 08:03:37.505465');
INSERT INTO django_migrations VALUES(10,'auth','0005_alter_user_last_login_null','2024-10-30 08:03:37.513932');
INSERT INTO django_migrations VALUES(11,'auth','0006_require_contenttypes_0002','2024-10-30 08:03:37.516765');
INSERT INTO django_migrations VALUES(12,'auth','0007_alter_validators_add_error_messages','2024-10-30 08:03:37.524284');
INSERT INTO django_migrations VALUES(13,'auth','0008_alter_user_username_max_length','2024-10-30 08:03:37.533505');
INSERT INTO django_migrations VALUES(14,'auth','0009_alter_user_last_name_max_length','2024-10-30 08:03:37.543160');
INSERT INTO django_migrations VALUES(15,'auth','0010_alter_group_name_max_length','2024-10-30 08:03:37.551497');
INSERT INTO django_migrations VALUES(16,'auth','0011_update_proxy_permissions','2024-10-30 08:03:37.558007');
INSERT INTO django_migrations VALUES(17,'auth','0012_alter_user_first_name_max_length','2024-10-30 08:03:37.566652');
INSERT INTO django_migrations VALUES(18,'sessions','0001_initial','2024-10-30 08:03:3x`7.572593');
INSERT INTO django_migrations VALUES(19,'app','0001_initial','2024-10-30 09:49:27.869254');
INSERT INTO django_migrations VALUES(20,'app','0002_product_image','2024-10-30 22:13:27.852446');
INSERT INTO django_migrations VALUES(21,'app','0003_product_description','2024-10-30 22:53:52.467427');
INSERT INTO django_migrations VALUES(22,'app','0004_order_state','2024-11-02 05:25:35.392025');
CREATE TABLE IF NOT EXISTS "auth_group_permissions" ("id" integer NOT NULL PRIMARY KEY AUTOINCREMENT, "group_id" integer NOT NULL REFERENCES "auth_group" ("id") DEFERRABLE INITIALLY DEFERRED, "permission_id" integer NOT NULL REFERENCES "auth_permission" ("id") DEFERRABLE INITIALLY DEFERRED);
CREATE TABLE IF NOT EXISTS "auth_user_groups" ("id" integer NOT NULL PRIMARY KEY AUTOINCREMENT, "user_id" integer NOT NULL REFERENCES "auth_user" ("id") DEFERRABLE INITIALLY DEFERRED, "group_id" integer NOT NULL REFERENCES "auth_group" ("id") DEFERRABLE INITIALLY DEFERRED);
CREATE TABLE IF NOT EXISTS "auth_user_user_permissions" ("id" integer NOT NULL PRIMARY KEY AUTOINCREMENT, "user_id" integer NOT NULL REFERENCES "auth_user" ("id") DEFERRABLE INITIALLY DEFERRED, "permission_id" integer NOT NULL REFERENCES "auth_permission" ("id") DEFERRABLE INITIALLY DEFERRED);
CREATE TABLE IF NOT EXISTS "django_admin_log" ("id" integer NOT NULL PRIMARY KEY AUTOINCREMENT, "object_id" text NULL, "object_repr" varchar(200) NOT NULL, "action_flag" smallint unsigned NOT NULL CHECK ("action_flag" >= 0), "change_message" text NOT NULL, "content_type_id" integer NULL REFERENCES "django_content_type" ("id") DEFERRABLE INITIALLY DEFERRED, "user_id" integer NOT NULL REFERENCES "auth_user" ("id") DEFERRABLE INITIALLY DEFERRED, "action_time" datetime NOT NULL);
INSERT INTO django_admin_log VALUES(1,'1','Giày Nike Revolution 7 Nam - Đen Cam',1,'[{"added": {}}]',8,1,'2024-10-30 21:49:18.764817');
INSERT INTO django_admin_log VALUES(2,'2','Giày Nike Court Vision Low Nam - Xanh Dương',1,'[{"added": {}}]',8,1,'2024-10-30 21:49:37.680234');
INSERT INTO django_admin_log VALUES(3,'3','Giày Nike Air Max Excee Nữ - Hồng',1,'[{"added": {}}]',8,1,'2024-10-30 21:49:56.263857');
INSERT INTO django_admin_log VALUES(4,'4','Giày Nike Air Max Excee Nữ - Trắng',1,'[{"added": {}}]',8,1,'2024-10-30 21:50:19.354985');
INSERT INTO django_admin_log VALUES(5,'4','Giày Nike Air Max Excee Nữ - Trắng',2,'[{"changed": {"fields": ["Digital"]}}]',8,1,'2024-10-30 21:51:13.602622');
INSERT INTO django_admin_log VALUES(6,'3','Giày Nike Air Max Excee Nữ - Hồng',2,'[{"changed": {"fields": ["Digital"]}}]',8,1,'2024-10-30 21:51:17.071283');
INSERT INTO django_admin_log VALUES(7,'2','Giày Nike Court Vision Low Nam - Xanh Dương',2,'[{"changed": {"fields": ["Digital"]}}]',8,1,'2024-10-30 21:51:20.234938');
INSERT INTO django_admin_log VALUES(8,'1','Giày Nike Revolution 7 Nam - Đen Cam',2,'[]',8,1,'2024-10-30 21:51:23.551029');
INSERT INTO django_admin_log VALUES(9,'1','Giày Nike Revolution 7 Nam - Đen Cam',2,'[{"changed": {"fields": ["Image"]}}]',8,1,'2024-10-30 22:22:13.175257');
INSERT INTO django_admin_log VALUES(10,'2','Giày Nike Court Vision Low Nam - Xanh Dương',2,'[{"changed": {"fields": ["Image"]}}]',8,1,'2024-10-30 22:22:36.866656');
INSERT INTO django_admin_log VALUES(11,'3','Giày Nike Air Max Excee Nữ - Hồng',2,'[{"changed": {"fields": ["Image"]}}]',8,1,'2024-10-30 22:23:00.960081');
INSERT INTO django_admin_log VALUES(12,'4','Giày Nike Air Max Excee Nữ - Trắng',2,'[{"changed": {"fields": ["Image"]}}]',8,1,'2024-10-30 22:23:37.457031');
INSERT INTO django_admin_log VALUES(13,'4','Giày Nike Air Max Excee Nữ - Trắng',2,'[{"changed": {"fields": ["Description"]}}]',8,1,'2024-10-30 22:55:23.197969');
INSERT INTO django_admin_log VALUES(14,'2','Giày Nike Court Vision Low Nam - Xanh Dương',2,'[{"changed": {"fields": ["Description"]}}]',8,1,'2024-10-30 22:55:28.739339');
INSERT INTO django_admin_log VALUES(15,'3','Giày Nike Air Max Excee Nữ - Hồng',2,'[{"changed": {"fields": ["Description"]}}]',8,1,'2024-10-30 22:55:33.472062');
INSERT INTO django_admin_log VALUES(16,'4','Giày Nike Air Max Excee Nữ - Trắng',2,'[]',8,1,'2024-10-30 22:55:36.709014');
INSERT INTO django_admin_log VALUES(17,'3','Giày Nike Air Max Excee Nữ - Hồng',2,'[]',8,1,'2024-10-30 22:55:39.693679');
INSERT INTO django_admin_log VALUES(18,'2','Giày Nike Court Vision Low Nam - Xanh Dương',2,'[]',8,1,'2024-10-30 22:55:42.600069');
INSERT INTO django_admin_log VALUES(19,'1','Giày Nike Revolution 7 Nam - Đen Cam',2,'[{"changed": {"fields": ["Description"]}}]',8,1,'2024-10-30 22:55:46.390570');
INSERT INTO django_admin_log VALUES(20,'1','Nguyễn Văn Hoàng',1,'[{"added": {}}]',11,1,'2024-10-31 19:25:26.752311');
INSERT INTO django_admin_log VALUES(21,'1','1',1,'[{"added": {}}]',7,1,'2024-10-31 19:26:00.401708');
INSERT INTO django_admin_log VALUES(22,'1','OrderItem object (1)',1,'[{"added": {}}]',10,1,'2024-10-31 19:26:18.726822');
INSERT INTO django_admin_log VALUES(23,'2','OrderItem object (2)',1,'[{"added": {}}]',10,1,'2024-10-31 19:26:18.790195');
INSERT INTO django_admin_log VALUES(24,'3','OrderItem object (3)',1,'[{"added": {}}]',10,1,'2024-10-31 19:26:29.513560');
INSERT INTO django_admin_log VALUES(25,'1','OrderItem object (1)',2,'[]',10,1,'2024-10-31 19:26:40.759095');
INSERT INTO django_admin_log VALUES(26,'2','OrderItem object (2)',3,'',10,1,'2024-10-31 19:26:45.402095');
INSERT INTO django_admin_log VALUES(27,'3','OrderItem object (3)',3,'',10,1,'2024-10-31 19:26:50.041315');
INSERT INTO django_admin_log VALUES(28,'4','OrderItem object (4)',1,'[{"added": {}}]',10,1,'2024-10-31 19:27:03.305353');
INSERT INTO django_admin_log VALUES(29,'1','OrderItem object (1)',2,'[]',10,1,'2024-10-31 19:38:05.410739');
INSERT INTO django_admin_log VALUES(30,'4','OrderItem object (4)',2,'[{"changed": {"fields": ["Product"]}}]',10,1,'2024-10-31 19:38:12.860034');
INSERT INTO django_admin_log VALUES(31,'2','Nguyễn Văn Hoàngg',1,'[{"added": {}}]',11,1,'2024-11-02 04:07:27.141436');
INSERT INTO django_admin_log VALUES(32,'5','Nike Air Force 1 Full Trắng REP 1:1',1,'[{"added": {}}]',8,1,'2024-11-02 05:52:07.794252');
CREATE TABLE IF NOT EXISTS "django_content_type" ("id" integer NOT NULL PRIMARY KEY AUTOINCREMENT, "app_label" varchar(100) NOT NULL, "model" varchar(100) NOT NULL);
INSERT INTO django_content_type VALUES(1,'admin','logentry');
INSERT INTO django_content_type VALUES(2,'auth','permission');
INSERT INTO django_content_type VALUES(3,'auth','group');
INSERT INTO django_content_type VALUES(4,'auth','user');
INSERT INTO django_content_type VALUES(5,'contenttypes','contenttype');
INSERT INTO django_content_type VALUES(6,'sessions','session');
INSERT INTO django_content_type VALUES(7,'app','order');
INSERT INTO django_content_type VALUES(8,'app','product');
INSERT INTO django_content_type VALUES(9,'app','shippingaddress');
INSERT INTO django_content_type VALUES(10,'app','orderitem');
INSERT INTO django_content_type VALUES(11,'app','customer');
CREATE TABLE IF NOT EXISTS "auth_permission" ("id" integer NOT NULL PRIMARY KEY AUTOINCREMENT, "content_type_id" integer NOT NULL REFERENCES "django_content_type" ("id") DEFERRABLE INITIALLY DEFERRED, "codename" varchar(100) NOT NULL, "name" varchar(255) NOT NULL);
INSERT INTO auth_permission VALUES(1,1,'add_logentry','Can add log entry');
INSERT INTO auth_permission VALUES(2,1,'change_logentry','Can change log entry');
INSERT INTO auth_permission VALUES(3,1,'delete_logentry','Can delete log entry');
INSERT INTO auth_permission VALUES(4,1,'view_logentry','Can view log entry');
INSERT INTO auth_permission VALUES(5,2,'add_permission','Can add permission');
INSERT INTO auth_permission VALUES(6,2,'change_permission','Can change permission');
INSERT INTO auth_permission VALUES(7,2,'delete_permission','Can delete permission');
INSERT INTO auth_permission VALUES(8,2,'view_permission','Can view permission');
INSERT INTO auth_permission VALUES(9,3,'add_group','Can add group');
INSERT INTO auth_permission VALUES(10,3,'change_group','Can change group');
INSERT INTO auth_permission VALUES(11,3,'delete_group','Can delete group');
INSERT INTO auth_permission VALUES(12,3,'view_group','Can view group');
INSERT INTO auth_permission VALUES(13,4,'add_user','Can add user');
INSERT INTO auth_permission VALUES(14,4,'change_user','Can change user');
INSERT INTO auth_permission VALUES(15,4,'delete_user','Can delete user');
INSERT INTO auth_permission VALUES(16,4,'view_user','Can view user');
INSERT INTO auth_permission VALUES(17,5,'add_contenttype','Can add content type');
INSERT INTO auth_permission VALUES(18,5,'change_contenttype','Can change content type');
INSERT INTO auth_permission VALUES(19,5,'delete_contenttype','Can delete content type');
INSERT INTO auth_permission VALUES(20,5,'view_contenttype','Can view content type');
INSERT INTO auth_permission VALUES(21,6,'add_session','Can add session');
INSERT INTO auth_permission VALUES(22,6,'change_session','Can change session');
INSERT INTO auth_permission VALUES(23,6,'delete_session','Can delete session');
INSERT INTO auth_permission VALUES(24,6,'view_session','Can view session');
INSERT INTO auth_permission VALUES(25,7,'add_order','Can add order');
INSERT INTO auth_permission VALUES(26,7,'change_order','Can change order');
INSERT INTO auth_permission VALUES(27,7,'delete_order','Can delete order');
INSERT INTO auth_permission VALUES(28,7,'view_order','Can view order');
INSERT INTO auth_permission VALUES(29,8,'add_product','Can add product');
INSERT INTO auth_permission VALUES(30,8,'change_product','Can change product');
INSERT INTO auth_permission VALUES(31,8,'delete_product','Can delete product');
INSERT INTO auth_permission VALUES(32,8,'view_product','Can view product');
INSERT INTO auth_permission VALUES(33,9,'add_shippingaddress','Can add shipping address');
INSERT INTO auth_permission VALUES(34,9,'change_shippingaddress','Can change shipping address');
INSERT INTO auth_permission VALUES(35,9,'delete_shippingaddress','Can delete shipping address');
INSERT INTO auth_permission VALUES(36,9,'view_shippingaddress','Can view shipping address');
INSERT INTO auth_permission VALUES(37,10,'add_orderitem','Can add order item');
INSERT INTO auth_permission VALUES(38,10,'change_orderitem','Can change order item');
INSERT INTO auth_permission VALUES(39,10,'delete_orderitem','Can delete order item');
INSERT INTO auth_permission VALUES(40,10,'view_orderitem','Can view order item');
INSERT INTO auth_permission VALUES(41,11,'add_customer','Can add customer');
INSERT INTO auth_permission VALUES(42,11,'change_customer','Can change customer');
INSERT INTO auth_permission VALUES(43,11,'delete_customer','Can delete customer');
INSERT INTO auth_permission VALUES(44,11,'view_customer','Can view customer');
CREATE TABLE IF NOT EXISTS "auth_group" ("id" integer NOT NULL PRIMARY KEY AUTOINCREMENT, "name" varchar(150) NOT NULL UNIQUE);
CREATE TABLE IF NOT EXISTS "auth_user" ("id" integer NOT NULL PRIMARY KEY AUTOINCREMENT, "password" varchar(128) NOT NULL, "last_login" datetime NULL, "is_superuser" bool NOT NULL, "username" varchar(150) NOT NULL UNIQUE, "last_name" varchar(150) NOT NULL, "email" varchar(254) NOT NULL, "is_staff" bool NOT NULL, "is_active" bool NOT NULL, "date_joined" datetime NOT NULL, "first_name" varchar(150) NOT NULL);
INSERT INTO auth_user VALUES(1,'pbkdf2_sha256$870000$tDOLLJNxUV7UMkeFSgPHj5$bGMcl0gNwCPIEcwc6hsY1zAC3yEpXDDQak6FQVDGSsI=','2024-11-02 05:29:29.714110',1,'admin','','hoang.25102k4@gmail.com',1,1,'2024-10-30 09:52:42.105869','');
INSERT INTO auth_user VALUES(2,'pbkdf2_sha256$870000$WV6YZAPkMzjNn9eowBKvsi$SFpSduMLDTCAeQ1qEzo1Rz236eAt1QyjiD13RwI/Inc=','2024-11-02 04:07:35.127478',0,'HoangDtr','','hoang.25102k4@gmail.com',0,1,'2024-11-02 03:53:22.671457','');
INSERT INTO auth_user VALUES(3,'pbkdf2_sha256$870000$MWXfAgDPDihet53HUHM6Pg$VZg7D2+7+nLRjIjO4Stq58iaJUqgXuHKoSJt2kSs/nw=','2024-11-02 04:15:40.676951',0,'hoang2510','','hoang.25102k4@gmail.com',0,1,'2024-11-02 04:15:33.092282','');
INSERT INTO auth_user VALUES(4,'pbkdf2_sha256$870000$qd8UyOuHEBjkMBoFSwd7uP$pqym3JtY+8lCsQBmHPGID51Am5PyxJiJSAyfV4OAMXI=','2024-11-02 04:52:48.449283',0,'hoang123','','hoang.251ffsdf02k4@gmail.com',0,1,'2024-11-02 04:36:25.924920','');
INSERT INTO auth_user VALUES(5,'pbkdf2_sha256$870000$6X0injSOF0fMlJnoisbPex$/OWvblrwhWmgNUfMcuCH4hExnD1vGlTasyfd/Y8sqOI=','2024-11-02 05:54:17.312435',0,'chien123','','chien@gmail.com',0,1,'2024-11-02 05:54:09.486850','');
INSERT INTO auth_user VALUES(6,'pbkdf2_sha256$870000$A0GWMxK1PZHxrSGjJNS2Dp$qiMTr/ygej+ZOsIEPZ4JXjHBNB6pXmcaQqO/UZ742aI=',NULL,0,'lap','','lap.2274802010473@vanlanguni.vn',0,1,'2024-11-03 17:06:37.999582','');
INSERT INTO auth_user VALUES(7,'pbkdf2_sha256$870000$H9zMIZg4GQKCo8FSBFTloA$2smdTEIaAhzku3UbSFUVKz+317Cxw2WJ7CdxBwG3cnY=',NULL,0,'laplap','','lap@gmail.com',0,1,'2024-11-03 17:07:31.000170','');
CREATE TABLE IF NOT EXISTS "django_session" ("session_key" varchar(40) NOT NULL PRIMARY KEY, "session_data" text NOT NULL, "expire_date" datetime NOT NULL);
INSERT INTO django_session VALUES('qhm3ikaai5k9pf29k6l9jzvkd996pgi7','.eJxVjEsOAiEQRO_C2hB-BnDp3jOQpruRUQPJfFYT764ks9Bl1XtVu0iwrTVtC89pInERWpx-uwz45DYAPaDdu8Te1nnKcijyoIu8deLX9XD_DiosdazZ4xkzccmsvHbKhlioaNRRq1IKIplgIikL1gN9UzbOsQ3kjc4qiPcHHd045A:1t65Oe:euR3y-DUOLaglc7z6Uo-I8LjDXkk5YHGos6bq3jCNWA','2024-11-13 09:53:48.917457');
INSERT INTO django_session VALUES('mgj3uowq7x9ya8dfdzt42a8g3rdjf5oi','.eJxVjEsOAiEQRO_C2hB-BnDp3jOQpruRUQPJfFYT764ks9Bl1XtVu0iwrTVtC89pInERWpx-uwz45DYAPaDdu8Te1nnKcijyoIu8deLX9XD_DiosdazZ4xkzccmsvHbKhlioaNRRq1IKIplgIikL1gN9UzbOsQ3kjc4qiPcHHd045A:1t6GUX:ThVRLlTSyZ7TmBqIb8DzsUnzFr-8AZRm8N1tsS7BYIg','2024-11-13 21:44:37.444942');
INSERT INTO django_session VALUES('o5u5i2nr1qz8uwm2yzncw9gi6u30fx7o','.eJxVjDsOwjAQBe_iGlmJ499S0nMGa727xgGUSHFSIe4OkVJA-2bmvVTCba1pa7KkkdVZOXX63TLSQ6Yd8B2n26xpntZlzHpX9EGbvs4sz8vh_h1UbPVbR-ehIGVrEbKzXobYERvIEIhEsO85FNd3QwSyJlMwXAAjdWB9ZEb1_gD2QDh4:1t775V:XOdFyPin-IMCLFHSV7qu71aTIRzahSKNWrUM1chpXJU','2024-11-16 05:54:17.314306');
CREATE TABLE IF NOT EXISTS "app_product" ("id" integer NOT NULL PRIMARY KEY AUTOINCREMENT, "name" varchar(200) NULL, "price" real NOT NULL, "digital" bool NULL, "image" varchar(100) NULL, "description" text NULL);
INSERT INTO app_product VALUES(1,'Giày Nike Revolution 7 Nam - Đen Cam',560000.0,1,'giay-nike-revolution-7-nam-den-cam-01-800x800.jpg.webp','Nike Revolution 7 được trang bị bộ đệm dày hơn cho độ êm và đàn hồi tốt hơn phiên bản trước. Phần upper với chất liệu vải mesh thoáng khi bền chắc nhưng vẫn mang đến cảm giác mềm mại cho bàn chân. Đế giữa với chất liệu React cùng với cộng nghệ Zoom nổi tiếng của Nike khiến đôi giày cực êm và phản lực tốt.');
INSERT INTO app_product VALUES(2,'Giày Nike Court Vision Low Nam - Xanh Dương',100000.0,1,'giay-nike-court-vision-low-nam-xanh-duong-01-800x800.jpg.webp','Nike Revolution 7 được trang bị bộ đệm dày hơn cho độ êm và đàn hồi tốt hơn phiên bản trước. Phần upper với chất liệu vải mesh thoáng khi bền chắc nhưng vẫn mang đến cảm giác mềm mại cho bàn chân. Đế giữa với chất liệu React cùng với cộng nghệ Zoom nổi tiếng của Nike khiến đôi giày cực êm và phản lực tốt.');
INSERT INTO app_product VALUES(3,'Giày Nike Air Max Excee Nữ - Hồng',200000.0,1,'giay-nike-air-max-excee-nu-hong-01-800x800.jpg.webp','Nike Revolution 7 được trang bị bộ đệm dày hơn cho độ êm và đàn hồi tốt hơn phiên bản trước. Phần upper với chất liệu vải mesh thoáng khi bền chắc nhưng vẫn mang đến cảm giác mềm mại cho bàn chân. Đế giữa với chất liệu React cùng với cộng nghệ Zoom nổi tiếng của Nike khiến đôi giày cực êm và phản lực tốt.');
INSERT INTO app_product VALUES(4,'Giày Nike Air Max Excee Nữ - Trắng',300000.0,1,'giay-nike-air-max-excee-nu-trang-01-800x800.jpg.webp','Nike Revolution 7 được trang bị bộ đệm dày hơn cho độ êm và đàn hồi tốt hơn phiên bản trước. Phần upper với chất liệu vải mesh thoáng khi bền chắc nhưng vẫn mang đến cảm giác mềm mại cho bàn chân. Đế giữa với chất liệu React cùng với cộng nghệ Zoom nổi tiếng của Nike khiến đôi giày cực êm và phản lực tốt.');
INSERT INTO app_product VALUES(5,'Nike Air Force 1 Full Trắng REP 1:1',550000.0,0,'1-2-600x600.jpg','Giayf dẹp quá');
CREATE TABLE IF NOT EXISTS "app_customer" ("id" integer NOT NULL PRIMARY KEY AUTOINCREMENT, "name" varchar(200) NULL, "email" varchar(200) NULL, "user_id" integer NULL UNIQUE REFERENCES "auth_user" ("id") DEFERRABLE INITIALLY DEFERRED);
INSERT INTO app_customer VALUES(1,'Nguyễn Văn Hoàng','hoang.25102k4@gmail.com',1);
INSERT INTO app_customer VALUES(2,'Nguyễn Văn Hoàngg','hoang.245102k4@gmail.com',2);
INSERT INTO app_customer VALUES(3,'hoang2510','hoang.25102k4@gmail.com',3);
INSERT INTO app_customer VALUES(4,'Nguyễn Văn Hoàng','hoang.251ffsdf02k4@gmail.com',4);
INSERT INTO app_customer VALUES(5,'Chiến','chien@gmail.com',5);
INSERT INTO app_customer VALUES(6,'Thái Viết Lập','lap.2274802010473@vanlanguni.vn',6);
INSERT INTO app_customer VALUES(7,'Thái Viết Lập','lap@gmail.com',7);
CREATE TABLE IF NOT EXISTS "app_orderitem" ("id" integer NOT NULL PRIMARY KEY AUTOINCREMENT, "quantity" integer NULL, "date_added" datetime NOT NULL, "order_id" bigint NULL REFERENCES "app_order" ("id") DEFERRABLE INITIALLY DEFERRED, "product_id" bigint NULL REFERENCES "app_product" ("id") DEFERRABLE INITIALLY DEFERRED);
INSERT INTO app_orderitem VALUES(1,4,'2024-10-31 19:26:18.714602',1,1);
INSERT INTO app_orderitem VALUES(4,1,'2024-10-31 19:27:03.292230',1,3);
INSERT INTO app_orderitem VALUES(5,2,'2024-11-02 02:35:46.015581',1,2);
INSERT INTO app_orderitem VALUES(6,2,'2024-11-02 05:19:45.656963',4,1);
INSERT INTO app_orderitem VALUES(7,1,'2024-11-02 05:52:32.832947',1,5);
INSERT INTO app_orderitem VALUES(8,3,'2024-11-02 05:54:35.297110',7,1);
CREATE TABLE IF NOT EXISTS "app_shippingaddress" ("id" integer NOT NULL PRIMARY KEY AUTOINCREMENT, "address" varchar(200) NULL, "city" varchar(200) NULL, "state" varchar(200) NULL, "mobile" varchar(10) NULL, "date_added" datetime NOT NULL, "customer_id" bigint NULL REFERENCES "app_customer" ("id") DEFERRABLE INITIALLY DEFERRED, "order_id" bigint NULL REFERENCES "app_order" ("id") DEFERRABLE INITIALLY DEFERRED);
INSERT INTO app_shippingaddress VALUES(1,'Đường Nguyễn Thái Bình, Phường Phú Hòa','Thủ dầu 1','pending','0924109953','2024-11-02 05:26:45.605557',4,4);
INSERT INTO app_shippingaddress VALUES(2,'Đường Nguyễn Thái Bình, Phường Phú Hòa','Thủ dầu 1','pending','0924109953','2024-11-02 05:52:59.024718',1,1);
INSERT INTO app_shippingaddress VALUES(3,'Đường Nguyễn Thái Bình, Phường Phú Hòa','Thủ dầu 1','pending','0924109953','2024-11-02 05:54:53.323586',5,7);
CREATE TABLE IF NOT EXISTS "app_order" ("id" integer NOT NULL PRIMARY KEY AUTOINCREMENT, "date_ordered" datetime NOT NULL, "complete" bool NULL, "trasaction_id" varchar(200) NULL, "customer_id" bigint NULL REFERENCES "app_customer" ("id") DEFERRABLE INITIALLY DEFERRED, "state" varchar(20) NOT NULL);
INSERT INTO app_order VALUES(1,'2024-10-31 19:26:00.398277',1,'0001',1,'pending');
INSERT INTO app_order VALUES(2,'2024-11-02 04:07:35.137669',0,NULL,2,'pending');
INSERT INTO app_order VALUES(3,'2024-11-02 04:15:40.694039',0,NULL,3,'pending');
INSERT INTO app_order VALUES(4,'2024-11-02 04:36:33.868672',1,NULL,4,'pending');
INSERT INTO app_order VALUES(5,'2024-11-02 05:28:59.677116',0,NULL,4,'pending');
INSERT INTO app_order VALUES(6,'2024-11-02 05:53:29.074424',0,NULL,1,'pending');
INSERT INTO app_order VALUES(7,'2024-11-02 05:54:17.321656',1,NULL,5,'pending');
INSERT INTO app_order VALUES(8,'2024-11-02 05:55:36.307498',0,NULL,5,'pending');
DELETE FROM sqlite_sequence;
INSERT INTO sqlite_sequence VALUES('django_migrations',22);
INSERT INTO sqlite_sequence VALUES('django_admin_log',32);
INSERT INTO sqlite_sequence VALUES('django_content_type',11);
INSERT INTO sqlite_sequence VALUES('auth_permission',44);
INSERT INTO sqlite_sequence VALUES('auth_group',0);
INSERT INTO sqlite_sequence VALUES('auth_user',7);
INSERT INTO sqlite_sequence VALUES('app_product',5);
INSERT INTO sqlite_sequence VALUES('app_customer',7);
INSERT INTO sqlite_sequence VALUES('app_orderitem',8);
INSERT INTO sqlite_sequence VALUES('app_order',8);
INSERT INTO sqlite_sequence VALUES('app_shippingaddress',3);
CREATE UNIQUE INDEX "auth_group_permissions_group_id_permission_id_0cd325b0_uniq" ON "auth_group_permissions" ("group_id", "permission_id");
CREATE INDEX "auth_group_permissions_group_id_b120cbf9" ON "auth_group_permissions" ("group_id");
CREATE INDEX "auth_group_permissions_permission_id_84c5c92e" ON "auth_group_permissions" ("permission_id");
CREATE UNIQUE INDEX "auth_user_groups_user_id_group_id_94350c0c_uniq" ON "auth_user_groups" ("user_id", "group_id");
CREATE INDEX "auth_user_groups_user_id_6a12ed8b" ON "auth_user_groups" ("user_id");
CREATE INDEX "auth_user_groups_group_id_97559544" ON "auth_user_groups" ("group_id");
CREATE UNIQUE INDEX "auth_user_user_permissions_user_id_permission_id_14a6b632_uniq" ON "auth_user_user_permissions" ("user_id", "permission_id");
CREATE INDEX "auth_user_user_permissions_user_id_a95ead1b" ON "auth_user_user_permissions" ("user_id");
CREATE INDEX "auth_user_user_permissions_permission_id_1fbb5f2c" ON "auth_user_user_permissions" ("permission_id");
CREATE INDEX "django_admin_log_content_type_id_c4bce8eb" ON "django_admin_log" ("content_type_id");
CREATE INDEX "django_admin_log_user_id_c564eba6" ON "django_admin_log" ("user_id");
CREATE UNIQUE INDEX "django_content_type_app_label_model_76bd3d3b_uniq" ON "django_content_type" ("app_label", "model");
CREATE UNIQUE INDEX "auth_permission_content_type_id_codename_01ab375a_uniq" ON "auth_permission" ("content_type_id", "codename");
CREATE INDEX "auth_permission_content_type_id_2f476e4b" ON "auth_permission" ("content_type_id");
CREATE INDEX "django_session_expire_date_a5c62663" ON "django_session" ("expire_date");
CREATE INDEX "app_orderitem_order_id_41257a1b" ON "app_orderitem" ("order_id");
CREATE INDEX "app_orderitem_product_id_5f40ddb0" ON "app_orderitem" ("product_id");
CREATE INDEX "app_shippingaddress_customer_id_24c9534f" ON "app_shippingaddress" ("customer_id");
CREATE INDEX "app_shippingaddress_order_id_220f1517" ON "app_shippingaddress" ("order_id");
CREATE INDEX "app_order_customer_id_7c27c407" ON "app_order" ("customer_id");
COMMIT;
